Topic,Count,theme1,theme2,Name,Representation,,,,,,,,,,,,,,,,,,,,,
0,2268,Values,Individualism,0_Dink_vasectomy_want_choice,"['DINK', 'vasectomy', 'want', 'choose', 'accept', 'DINK family', 'regret', 'regret', 'man', 'child']",,,,,,,,,,,,,,,,,,,,,
1,1969,Values,Conflict,1_parents_my mom_mom_sent to,"['Parents', 'My Mom', 'Mom', 'Send to', 'Push to', 'Mom and Dad', 'Mother', 'Share', 'Communicate', 'Dad']",,,,,,,,,,,,,,,,,,,,,
2,2010,Values,Individualism,2_giving birth to a child_getting married_child_giving birth to a child,"['Have children', 'Get married', 'Child', 'Have children', 'Don't want', 'Don't have children', 'Child', 'Don't want', 'Have children', 'Want']",,,,,,,,,,,,,,,,,,,,,
3,1508,Values,Conflict,3_urging marriage_my mother_parents_parents,"['urging marriage', 'my mom', 'parents', 'mom and dad', 'my dad', 'marriage', 'blind date', 'mom', 'home', 'go home']",,,,,,,,,,,,,,,,,,,,,
4,1544,Childrearing Cost,Expense,4_have money_make money_confidence_no money,"['rich', 'making money', 'confidence', 'poor', 'making money', 'work', 'having a baby without money', 'rich people', 'main', 'making money']",,,,,,,,,,,,,,,,,,,,,
5,1589,Values,Gender Equality,5_man_independent_woman_boy,"['man', 'independence', 'woman', 'boy', 'female', 'girl', 'male', 'girl', 'male and female', 'economy']",,,,,,,,,,,,,,,,,,,,,
6,1284,Population Structure,Old Age Care Demand,6_lonely_end of life_lonely_enjoy,"['lonely', 'end of life', 'lonely', 'enjoy', 'life', 'alone', 'cool', 'young', 'one', 'feeling']",,,,,,,,,,,,,,,,,,,,,
7,1370,Values,Individualism,7_Experts_This_is_the_only_finally,"['expert', 'only', 'finally', 'this', 'normal', 'expert', 'real', 'worthy', 'confidant']",,,,,,,,,,,,,,,,,,,,,
8,1306,Values,Individualism,8_Choice_Regret_Regret_Life,"['choice', 'regret', 'regret', 'life', 'respect', 'everyone', 'now', 'way', 'choose a city', 'way of living']",,,,,,,,,,,,,,,,,,,,,
9,1204,Values,Family Diversity,9_love_dating_breaking up_love outlook,"['love', 'dating', 'break up', 'love outlook', 'sober', 'never dated', 'feeling', 'date', 'love', 'sooner or later']",,,,,,,,,,,,,,,,,,,,,
10,889,Population Structure,Old Age Care Demand,10_sister_brother_sister_sister,"['sister', 'brother', 'sister', 'sister', 'younger sister', 'younger sister', 'home', 'older brother', 'transition', 'old lady', 'squat']",,,,,,,,,,,,,,,,,,,,,
11,1997,Childrearing Cost,Economic Uncertainty,11_children_don't_want_children,"['child', 'don't give birth', 'want', 'child', 'give birth', 'want to give birth', 'I'll give birth', 'give birth', 'don't want', 'life']",,,,,,,,,,,,,,,,,,,,,
12,1239,Childrearing Cost,Economic Uncertainty,12_Cover your face_00_Ahhh_Question,"['Cover face', '00', 'Ahhh', 'Problem', 'Lie flat', 'Bless', 'OK', 'Crack', 'Wooden fish', 'Reason']",,,,,,,,,,,,,,,,,,,,,
13,872,Values,Individualism,13_laugh_smile_children_no birth,"['laugh', 'smile', 'child', 'no child', 'funny', 'smirk', 'first', 'smirk', 'inheritance', 'child']",,,,,,,,,,,,,,,,,,,,,
14,894,Values,Individualism,14_thought_state_this_thinking,"['thought', 'state', 'this', 'thinking', 'currently', 'sympathy', 'indifferent', 'allow', 'yawn', 'now']",,,,,,,,,,,,,,,,,,,,,
15,720,Utility,Reproduction,15_Second child_Give birth to second child_Third child_First child,"['Second child', 'Giving birth to a second child', 'Third child', 'First child', 'Don't dare', 'Pressure', 'First child', 'Courage', 'Surroundings', 'Policy']",,,,,,,,,,,,,,,,,,,,,
16,1002,Childrearing Cost,Expense,16_poor_rich_rich_rich,"['Poor', 'Rich', 'Rich', 'Rich', 'Poor', 'More children', 'Cost', 'Poorer', 'Hate', 'Poverty']",,,,,,,,,,,,,,,,,,,,,
17,1038,Values,Family Diversity,17 People who don't want to get married meet,"['don't want', 'get married', 'people who want to get married', 'meet', 'can't meet', 'suitable', 'don't get married', 'thought', 'thought', 'cry uncontrollably']",,,,,,,,,,,,,,,,,,,,,
18,623,Utility,Intergenerational Support,18_nursing home_nursing home_bullying_elderly,"['nursing home', 'home for the aged', 'bullying', 'elderly', 'children', 'elderly care', 'care worker', 'sons and daughters', 'having children', 'welfare home']",,,,,,,,,,,,,,,,,,,,,
19,651,Values,Family Diversity,19_Cat_Pet_Cat_Fat Cat,"['Raise a cat', 'Pet', 'Cat', 'Fat cat', 'Dog', 'Raise a dog', 'One', 'Puppy', 'Raise one', 'Raise only']",,,,,,,,,,,,,,,,,,,,,
20,696,Population Structure,Low Ferility,20_extinction_human_earth_animal,"['extinction', 'human', 'earth', 'animal', 'thousand years', 'reproduction', 'dinosaur', 'reproduction', 'world', 'species']",,,,,,,,,,,,,,,,,,,,,
21,723,Values,Family Diversity,21_grandfather_old man_last_uncle,"['Grandpa', 'old man', 'last', 'uncle', 'old lady', 'aunt', 'old grandpa', 'hahaha', 'the truth', 'old man']",,,,,,,,,,,,,,,,,,,,,
22,635,Values,Individualism,22_reason_truth_very_reasonable,"['reason', 'truth', 'very', 'reasonable', 'a little bit', 'applause', 'feel very', 'logical', 'agree', 'every sentence']",,,,,,,,,,,,,,,,,,,,,
23,565,Population Structure,Old Age Care Demand,23_85_live_to_old_age,"['85', 'live to', 'can live', 'old age', 'I live', 'not', 'live to old age', 'I can', 'can't', '60']",,,,,,,,,,,,,,,,,,,,,
24,564,Values,Individualism,24_several years_decades_cool_suffer,"['a few years', 'decades', 'free and easy', 'suffer a little', 'enjoy', 'youth', 'a lifetime', 'old age', 'many years', 'happy']",,,,,,,,,,,,,,,,,,,,,
25,580,Values,Individualism,25_applause_rose_cheer_voice,"['Applause', 'Rose', 'Come on', 'Speak up', 'Like', 'Support', 'Daze', 'High five', 'I want', 'Love']",,,,,,,,,,,,,,,,,,,,,
26,518,Values,Individualism,26_Single_Alone_Forever_Not Sweet,"['single', 'alone', 'for a lifetime', 'not fragrant', 'long live', 'mother', 'get out of single', 'always', 'happy', 'rose']",,,,,,,,,,,,,,,,,,,,,
27,640,Utility,Emotional Support,27_lonely_alone_have children_married,"['lonely', 'alone', 'having children', 'getting married', 'old partner', 'living till old age', 'getting married', 'old age', 'children', 'around']",,,,,,,,,,,,,,,,,,,,,
28,568,Childrearing Cost,Expense,28_Korean girl_Korea_too_seaside,"['Korean girl', 'South Korea', 'too right', 'seaside', 'mouth replacement', 'well said', 'stand up', 'yes', 'real', 'baby']",,,,,,,,,,,,,,,,,,,,,
29,549,Values,Individualism,29_60_age_fifty_30,"['60', 'age', 'fifty', '30', 'mature', '20', 'age', '40', 'fifty years old', 'young']",,,,,,,,,,,,,,,,,,,,,
30,532,Childrearing Cost,Expense,30_House price_house_too_low_mortgage,"['House price', 'House', 'Too low', 'Mortgage', 'Buy a house', 'Struggle', 'Unfavorable', 'Cheap', 'Car loan', 'Young people']",,,,,,,,,,,,,,,,,,,,,
31,422,Values,Family Diversity,31_hahaha_cough cough_ahaha_hum,"['hahaha', 'cough cough', 'aha', 'hum hum', 'hehehe', 'ha hey', 'confused', 'it', 'what the hell', 'clear']",,,,,,,,,,,,,,,,,,,,,
32,769,Childrearing Cost,Economic Uncertainty,32_alive_life_continuation_cannot afford to live,"['alive', 'life', 'continuation', 'can't afford to live', 'I live', 'can't reach', 'euthanasia', 'can't live', '2100', 'can't die']",,,,,,,,,,,,,,,,,,,,,
33,510,Childrearing Cost,Public Support,33_kindergarten_school_milk powder_tuition,"['kindergarten', 'school', 'milk powder', 'tuition', 'can't afford', 'semester', 'primary school', 'cost', 'tutoring class', 'school district']",,,,,,,,,,,,,,,,,,,,,
34,548,Values,Family Diversity,34_no ties_whether to tie_tied_want to tie,"['Don't get married', 'Will you get married', 'Get married', 'Adam's apple', 'Don't get married', 'Get married', 'Get sterilized', 'Lovers', 'Can't afford to get married']",,,,,,,,,,,,,,,,,,,,,
35,702,,,35_laugh_snicker_smile_smirk,"['laugh', 'snicker', 'smile', 'sly smile', 'awake', 'silly smile', 'problem', 'girlfriend', 'only want', 'seek guilt']",,,,,,,,,,,,,,,,,,,,,
36,868,Population Structure,Old Age Care Demand,36_Retirement care_Elderly people_Prevention of old age_Raising children to prevent old age,"['elderly care', 'elderly', 'prevent old age', 'raise children to prevent old age', 'children', 'care', 'children', 'grandchildren', 'filial piety', 'raise children']",,,,,,,,,,,,,,,,,,,,,
37,426,Values,Family Diversity,37_Infertility_Unmarried_Infertility_Safety,"['infertility', 'unmarried', 'infertility', 'safeguarding safety', 'ism', 'childlessness', 'choice', 'pig head', 'having children', 'ism']",,,,,,,,,,,,,,,,,,,,,
38,501,,,38_Lovers_Laughing_Marriage_Smirking,"['lover', 'laugh', 'marry', 'smirk', 'fall in love', 'smirk', 'love', 'funny', 'silly smile', 'smile']",,,,,,,,,,,,,,,,,,,,,
39,525,Values,Family Diversity,39_Unmarried_30_Owns a house_Owns a car,"['unmarried', '30', 'own house', 'own car', '28', '35', '25', '40', '26', '29']",,,,,,,,,,,,,,,,,,,,,
40,474,Values,Individualism,40_wife_partner_bachelor_daughter-in-law,"['wife', 'partner', 'bachelor', 'wife', 'girlfriend', 'can't afford', 'can't get', 'want to have a baby', 'how to have a baby', 'I want to have a baby']",,,,,,,,,,,,,,,,,,,,,
41,465,Childrearing Cost,Economic Uncertainty,41_salary_year_month_medical insurance,"['Salary', 'One year', 'One month', 'Medical insurance', 'Work', 'Two', 'Food, drink and entertainment', 'Monthly salary', 'Ten months', '500']",,,,,,,,,,,,,,,,,,,,,
42,375,Childrearing Cost,Economic Uncertainty,42_Nine turns_Large intestine_Love each other_Family,"['Nine turns', 'large intestine', 'love each other', 'family', 'forward', 'wooden fish', 'crowd', 'Korean girl', '85', 'send to']",,,,,,,,,,,,,,,,,,,,,
43,454,Utility,Emotional Support,43_cousin,"['cousin', 'cousin', 'cousin sister', 'cousin brother', 'cousin sister', 'sister', 'brother and sister', 'relative', 'cousin brother']",,,,,,,,,,,,,,,,,,,,,
44,932,Values,Family Diversity,44_marriage_retribution_married_meaning,"['marriage', 'retribution', 'married', 'meaning', 'trouble', 'precision', 'marriage certificate', 'crack', 'getting the certificate', 'charge']",,,,,,,,,,,,,,,,,,,,,
45,746,Childrearing Cost,Economic Uncertainty,45_Want to have a baby_Can’t afford to have a baby_Cover your face_Don’t dare,"['Want to have a baby', 'Can't afford to have a baby', 'Cover my face', 'Don't dare', 'Don't have a baby', 'I will have a baby', 'Don't want to', 'I want to have a baby', 'Give another baby', 'Smile']",,,,,,,,,,,,,,,,,,,,,
46,804,Childrearing Cost,Expense,46_children_can't_raise_cost_to_raise,"['child', 'can't afford', 'cost', 'to support', 'child', 'education', 'to raise in poverty', 'can't support', 'to raise', 'parents']",,,,,,,,,,,,,,,,,,,,,
47,437,Utility,Emotional Support,47 Regrets getting married,"['regret', 'whether to get married', 'married', 'married', 'regret', 'married', 'ten years', 'married', 'for a lifetime', 'for a while']",,,,,,,,,,,,,,,,,,,,,
48,502,Values,Individualism,48_Sober_Confused_Too_Wake Up,"['clear', 'confused', 'too', 'wake up', 'too', 'a little', 'rational', 'sink', 'live', 'hurt']",,,,,,,,,,,,,,,,,,,,,
49,578,Utility,Emotional Support,49_mother-in-law_my mother_mother_husband,"['mother-in-law', 'my mother', 'mother', 'husband', 'mother-in-law and daughter-in-law relationship', 'grandmother', 'selfish', 'mother-in-law's family', 'children', 'parents-in-law']",,,,,,,,,,,,,,,,,,,,,
50,437,Values,Family Diversity,50_daughter_son_hope_in the future,"['daughter', 'son', 'hope', 'later', 'daughter', 'accept', 'whether to get married', 'grow up', 'support', 'get married']",,,,,,,,,,,,,,,,,,,,,
51,545,Childrearing Cost,Economic Uncertainty,51_Can't afford to support_Can't support_Want to have a baby_Can have a baby,"['Can't afford to support', 'Can't support', 'Want to give birth', 'Can give birth', 'Can support', 'Don't dare', 'Can support', 'Don't support', 'Down', 'Can't afford to give birth']",,,,,,,,,,,,,,,,,,,,,
52,376,Utility,Intergenerational Support,52_ancestors_ancestors_take the blame_ancestors,"['ancestor', 'ancestor', 'take the blame', 'old ancestor', 'moving', 'elder', 'old ancestor', 'unexpectedly', 'a disaster', 'this pot']",,,,,,,,,,,,,,,,,,,,,
53,385,Values,Family Diversity,53_Advantages_Disadvantages_Say_Marriage,"['advantages', 'disadvantages', 'tell', 'marriage', 'please tell', 'meaning', 'life', 'continuation', 'retribution', 'tell']",,,,,,,,,,,,,,,,,,,,,
54,390,Values,Individualism,54_Auntie_Grandma_Old Granny_The first one,"['Aunt', 'Grandma', 'Old Grandma', 'First', 'Big Sister', 'Aunt', 'Transparent', 'Second', 'Shake Head', 'Skin']",,,,,,,,,,,,,,,,,,,,,
55,350,Values,Individualism,55_a flash of inspiration_a wise person_wit_heart,"['a flash of inspiration', 'a wise man', 'wit', 'the heart', 'suddenly', 'hard work', 'coincidence', 'happened', 'self-contained', 'script']",,,,,,,,,,,,,,,,,,,,,
56,412,Population Structure,Labor Surplus,56_population_China_few_few,"['Population', 'China', 'few people', 'fewer people', 'decreasing', '100 million people', 'fewer and fewer', 'many people', '14', 'decreasing population']",,,,,,,,,,,,,,,,,,,,,
57,336,Childrearing Cost,Expense,57_Dowry_House_Car_Banquet,"['bride price', 'house', 'car', 'banquet', 'dowry', 'high price', 'can't afford', 'can't afford', 'too expensive', 'house price']",,,,,,,,,,,,,,,,,,,,,
58,301,,,58_Comment_District has_broken defense_vomiting blood,"['Comment', 'District has', 'Break defense', 'Vomiting blood', 'District as a whole', 'District', 'Irony', 'See', 'Divide or not', 'Take a look']",,,,,,,,,,,,,,,,,,,,,
59,574,Population Structure,Old Age Care Demand,59_children_elderly_grandmother_have children,"['Children', 'Old man', 'Grandma', 'Having a son', 'Dead', 'Son', 'Children', 'Old lady', 'Old grandmother', 'Neighbor']",,,,,,,,,,,,,,,,,,,,,
60,457,Values,Individualism,60_no birth_birth point_analysis_can't afford to give birth,"['not giving birth', 'points of giving birth', 'analysis', 'can't afford to give birth', 'joke', 'want to give birth', 'talk', 'no one', 'thoroughly', 'hair']",,,,,,,,,,,,,,,,,,,,,
61,448,Population Structure,Old Age Care Demand,61_40_years_born_30_35,"['40', 'Birth', '30', '35', '25', 'Older mother', 'Age', '70', 'Want', '50']",,,,,,,,,,,,,,,,,,,,,
62,284,Values,Individualism,62_hahahaha_hahaha_boss_enlightenment,"['hahahaha', 'hahaha', 'boss', 'enlightenment', 'guest house', 'perm and dye', 'barber', 'seize the bamboo shoots', 'after', 'Sister Guo']",,,,,,,,,,,,,,,,,,,,,
63,348,Health,Assisted Reproduction,63_Traditional Chinese Medicine_Western Medicine_Powerful_Profound and Extensive,"['traditional Chinese medicine', 'western medicine', 'powerful', 'profound and extensive', 'magical', 'traditional Chinese medicine', 'believe', 'treatment', 'conditioning', 'doctor']",,,,,,,,,,,,,,,,,,,,,
64,538,Values,Gender Equality,64_female_woman_uterus_male,"['female', 'woman', 'uterus', 'male', 'fertility', 'artificial', 'girl', 'man', 'technology', 'boy']",,,,,,,,,,,,,,,,,,,,,
65,635,Utility,Emotional support,65_motivation_children_thank_hope,"['Motivation', 'Children', 'Thanks', 'Hope', 'Concern', 'Heart', 'Life', 'Moving Forward', 'World', 'Growth']",,,,,,,,,,,,,,,,,,,,,
66,349,Values,Family Diversity,66_want to talk_don't talk_can't talk_didn't talk,"['want to talk', 'don't talk', 'can't talk', 'didn't talk', 'never talked', 'can't', 'don't want to', 'not at all', 'I will talk']",,,,,,,,,,,,,,,,,,,,,
67,470,Childrearing Cost,Expense,67_Rich_No_Money_Marriage_Deposit,"['have money', 'have no money', 'get married', 'deposit', 'salary', 'earn money', 'land', 'house', 'buy a house', 'one month']",,,,,,,,,,,,,,,,,,,,,
68,436,Utility,Reproduction,68_son_daughter_one son_one daughter,"['son', 'daughter', 'one son', 'one daughter', 'two', 'reborn', 'daughter', 'give birth to', 'dare not', 'boy']",,,,,,,,,,,,,,,,,,,,,
69,308,Values,Family Diversity,69_ism_no_marriage_ism_must_marriage,"['ism', 'unmarried', 'ism', 'must marry', 'happiness', 'unmarried', 'temporary', 'infertility', 'living alone', 'together']",,,,,,,,,,,,,,,,,,,,,
70,285,Values,Conflict,70_ancestral grave_doubt_discussion_problem,"['ancestral grave', 'doubt', 'discussion', 'problem', 'moving grave', 'my home', 'elders', 'visiting grave', 'family', 'bless']",,,,,,,,,,,,,,,,,,,,,
71,373,Population Structure,Labor Surplus,71_fertility_population_birth_fertility,"['fertility rate', 'population', 'birth rate', 'fertility', 'decline', 'capitalist', 'birth', 'lower', 'labor force', 'capital']",,,,,,,,,,,,,,,,,,,,,
72,1190,Values,Individualism,72_transparent_fart_insightful_listen,"['transparent', 'fart', 'insightful', 'listen', 'Changsha', 'collection', 'things', 'rhyme', 'Li Lulu', 'too']",,,,,,,,,,,,,,,,,,,,,
73,303,Population Structure,Old Age Care Demand,73_selfish_no_children_selfless,"['selfish', 'not having children', 'children', 'selfless', 'responsible', 'perfect', 'responsibility', 'supporting the elderly', 'having children', 'parents']",,,,,,,,,,,,,,,,,,,,,
74,317,Childrearing Cost,Economic Uncertainty,74_Can't afford it_Can't support it_Adopt_You raise it,"['Can't afford', 'Can't support', 'Adopt', 'You support', 'Can support', 'I will support', 'Feed', 'Enough', 'Cover face', 'Enough']",,,,,,,,,,,,,,,,,,,,,
75,317,Childrearing Cost,Economic Uncertainty,75_Can't afford to give birth_Expert_Slap in the face_Main,"['can't afford', 'expert', 'slap in the face', 'main', 'can't afford', 'professional', 'appearance', 'mutual growth', 'can't afford', 'pleasing']",,,,,,,,,,,,,,,,,,,,,
76,454,,,76_laugh_funny_not alive_very funny,"['laugh', 'funny', 'not alive', 'very funny', 'hahaha', 'hahahaha', 'last', 'first', 'smirk', 'smile']",,,,,,,,,,,,,,,,,,,,,
77,325,,,77_I believe_I don't believe_Believe_Daze,"['I believe', 'Don't believe', 'Believe', 'Daze', 'Too much faith', 'Too much faith', 'Believe it or not', 'I believe it too much', 'Will not believe it', 'Rumor']",,,,,,,,,,,,,,,,,,,,,
78,294,Values,Individualism,78_young_young_looking_looking,"['young', 'young people', 'looks', 'looking at', '00', 'college students', 'childish', 'looks', 'young', '20']",,,,,,,,,,,,,,,,,,,,,
79,361,Values,Family Diversity,79_divorce_calm_domestic violence_remarriage,"['divorce', 'calm', 'domestic violence', 'remarriage', 'divorce rate', 'household register', 'support', 'withdraw', 'cancel', 'divorce certificate']",,,,,,,,,,,,,,,,,,,,,
80,437,Population Structure,Labor Surplus,80 This is true. Well said.,"['this', 'truth', 'speak', 'well said', 'one sentence', 'rightly said', 'classic', 'speak', 'the truth', 'this sentence']",,,,,,,,,,,,,,,,,,,,,
81,286,Utility,Emotional Support,81_Chuan Ge_Lover_Sensible_Voice,"['Brother Chuan', 'lover', 'sensible', 'voice of the heart', 'reasonable', 'expert', 'say', 'only then', 'Xiaochuan', 'finally']",,,,,,,,,,,,,,,,,,,,,
82,276,Utility,Reproduction,82_nose_scarcity makes things valuable_vomiting blood_good looking,"['nose', 'scarcity makes things valuable', 'vomiting blood', 'good looking', 'foreign girl', 'natural law', 'one look', 'mask', 'what's going on', 'is there']",,,,,,,,,,,,,,,,,,,,,
83,376,Values,Family Diversity,83_love_only want_love_don't want,"['Dating', 'Just want', 'Dating', 'Don't want', 'Marriage', 'Partner', 'Love', 'Boyfriend', 'More than', 'Sober']",,,,,,,,,,,,,,,,,,,,,
84,361,Values,Conflict,84_ancestral grave_doubt_question_cousin,"['ancestral grave', 'doubt', 'problem', 'cousin', 'divorce', 'elder', 'family', 'grandfather', 'my family', 'cousin']",,,,,,,,,,,,,,,,,,,,,
85,330,Values,Family Diversity,85_Second marriage_First marriage_Long live together_Original wife,"['Second marriage', 'First marriage', 'Grow old together', 'Original wife', 'Couple', 'Divorce', 'Halfway', 'Gray hair', 'Child', 'Bond']",,,,,,,,,,,,,,,,,,,,,
86,602,Utility,Emotional Support,86_marriage_happiness_marriage_happy,"['marriage', 'happiness', 'marriage', 'happy', 'feel', 'stable', 'life', 'married', 'meaning', 'definitely']",,,,,,,,,,,,,,,,,,,,,
87,252,Utility,Reproduction,87_funny_laughing to death_the first_laughing to death,"['funny', 'laughing to death', 'the first', 'laughing to death', 'laughing to death', 'boy', 'laughing', 'the fourth', 'crazy', 'you']",,,,,,,,,,,,,,,,,,,,,
88,376,Values,Individualism,88_life_happiness_ideal_sugarcane,"['life', 'happiness', 'ideal', 'sugar cane', 'happy', 'two ends', 'days', 'enjoy', 'love life', 'salty food']",,,,,,,,,,,,,,,,,,,,,
89,353,Population Structure,Low Ferility,89_more_several_ten_only,"['many births', 'several', 'ten', 'only one birth', 'eight', 'you give birth', 'many children', 'more blessings', 'many births', 'born']",,,,,,,,,,,,,,,,,,,,,
90,265,Population Structure,Low Ferility,90_selfish_selfish_selfless_selfless,"['selfish', 'selfish', 'selfless', 'selfless', 'derogatory', 'egoistic', 'admit', 'self', 'self-inflicted', 'refined']",,,,,,,,,,,,,,,,,,,,,
91,227,Population structure,Low Ferility,91_reason_reasonable_Xiao Feng_Doming,"['reason', 'reasonable', 'Xiao Feng', 'Duoming', 'big truth', 'reason', 'good to hear', 'rational', 'take a look', '']",,,,,,,,,,,,,,,,,,,,,
92,245,Population Structure,State Intervention,92_contribution_country_patriotic_mission,"['contribution', 'country', 'patriotism', 'mission', 'completion', 'motherland', 'three', 'achievement', 'exceed standard', 'reach standard']",,,,,,,,,,,,,,,,,,,,,
93,475,Utility,Reproduction,93_child_children_cute_baby,"['child', 'child', 'cute', 'baby', 'hate', 'used to be', 'surrender', 'Xinjiang', 'hope', 'weakness']",,,,,,,,,,,,,,,,,,,,,
94,309,Values,Family Diversity,94_friends_social_not_much_making_friends,"['friends', 'social', 'not so', 'make friends', 'made friends', 'like-minded', 'good friends', 'love', 'contact', 'friendship']",,,,,,,,,,,,,,,,,,,,,
95,264,Health,Assisted Reproduction,95_Chinese medicine_pregnancy_TCM_pregnancy,"['Chinese medicine', 'get pregnant', 'Chinese medicine', 'pregnancy', 'Western medicine', 'conditioning', 'examination', 'later', 'a pair', 'can't get pregnant']",,,,,,,,,,,,,,,,,,,,,
96,385,Population Structure,State Intervention,96_National_Human_Entity_Completed_Task,"['country', 'people', 'complete', 'task', 'no one', 'manage well', 'no one's concerned', 'motherland', 'responsibility', 'phenomenon']",,,,,,,,,,,,,,,,,,,,,
97,546,Utility,Reproduction,97_Regeneration_Two_One_is enough,"['have another child', 'two', 'one', 'enough', 'have two', 'don't dare', 'don't have one', 'want to have one', 'I will have one', 'only one']",,,,,,,,,,,,,,,,,,,,,
98,332,Population Structure,Old Age Care Demand,98_hahahaha_xinxin_hahahaha_hehe,"['hahaha', 'xinxin', 'hahahaha', 'hehe', 'yawn', 'tears', '666', 'sly smile', 'descendants', 'expression']",,,,,,,,,,,,,,,,,,,,,
99,243,Population Structure,Old Age Care Demand,99_50_30_Shock_23,"['50', '30', 'Shocked', '23', 'Fifty', 'Can't tell', 'Frightened', '25', 'Looking at', 'College student']",,,,,,,,,,,,,,,,,,,,,
100,254,Utility,Reproduction,100_No offspring is the greatest misfortune_Three types of unfilial behavior_Penguin_Houyi,"['No offspring is the worst', 'Three unfilial acts', 'Penguin', 'Houyi', 'To the extreme', 'Fuyang', 'Brother Chuan', 'Current situation', 'No offspring', 'Too right']",,,,,,,,,,,,,,,,,,,,,
101,273,Values,Family Diversity,101_Downtime_Criminal Record_Support_Romance,"['Downtime', 'Criminal Record', 'Support', 'Romance', 'Carelessness', 'Alone Sober', 'Everyone Is Drunk', 'Question', 'Fifth', 'Version']",,,,,,,,,,,,,,,,,,,,,
102,406,Values,Family Diversity,102_Meet_Together_Fate_Accompany,"['encounter', 'together', 'fate', 'accompany', 'leave', 'mutual', 'love', 'tolerance', 'mutual', 'get along']",,,,,,,,,,,,,,,,,,,,,
103,336,Utility,Intergenerational Support,103_Psychology_Anxiety_Attitude_Heart,"['psychology', 'anxiety', 'mentality', 'heart', 'heart', 'tangled', 'one end', 'depression', 'emotion', 'sense of security']",,,,,,,,,,,,,,,,,,,,,
104,219,,,104_Too Faith_Take Life Faith_Cement_Show Off,"['Too Faith', 'Life-threatening Faith', 'Cement', 'Show off', 'Seal your heart', 'Three million', 'Solo', 'Four years', 'Almost', 'Super']",,,,,,,,,,,,,,,,,,,,,
105,314,Values,Family Diversity,105_angry_furious_quarrel_angry to death,"['angry', 'furious', 'quarrel', 'furious', 'hate', 'curse', 'big grudge', 'swear', 'furious', 'getting angry']",,,,,,,,,,,,,,,,,,,,,
106,449,Utility,Intergenerational Support,106_love_lover_true love_loss,"['love', 'lover', 'sincere', 'loss', 'emotion', 'sincerity', 'believe', 'love yourself first', 'ability', 'not love']",,,,,,,,,,,,,,,,,,,,,
107,269,Values,Individualism,107_Dark_Observation_Power_With Light,"['in the dark', 'observation', 'strength', 'with light', 'look', 'eyes', 'weak', 'in the eyes', 'distinguish', 'cannot see']",,,,,,,,,,,,,,,,,,,,,
108,270,Utility,Reproduction,108_three_four_I gave birth to_twins,"['three', 'four', 'I gave birth', 'twins', 'cover face', 'third child', 'five', 'my family', 'reborn', 'two']",,,,,,,,,,,,,,,,,,,,,
109,220,Childrearing Cost,Expense,109_nanny_free_hire_hire,"['babysitter', 'free', 'hire one', 'employ one', 'elevator', 'rich', 'find one', 'beat to death', 'live at home', 'take care of']",,,,,,,,,,,,,,,,,,,,,
110,255,Values,Individualism,110_Exactly the same_Qing Dynasty_Can't stand it_Forget it,"['Exactly the same', 'Qing Dynasty', 'Can't stand it', 'Forget it', 'Surprise', 'Dissuade', 'Return', 'Return', 'Really good', 'Proud', 'Forget it']",,,,,,,,,,,,,,,,,,,,,
111,281,,,111_mobile phone_naughty_laughing_playing games,"['mobile phone', 'naughty', 'laughing', 'playing games', 'not fun', 'doubtful', 'contact information', 'x000d', 'game', 'turn on the light']",,,,,,,,,,,,,,,,,,,,,
112,217,Values,Individualism,112_Chicken Soup_Lie_Nonsense_Good Guy,"['Chicken soup', 'Cheat', 'Nonsense', 'Good guy', 'Drunk', 'Truth', 'Don't talk', 'All the rules', 'Salary', 'Busy']",,,,,,,,,,,,,,,,,,,,,
113,300,Values,Individualism,113_see through_boring_boring_boring,"['see through', 'boring', 'uninteresting', 'boring', 'transparent', 'interesting', 'thorough', 'see clearly', 'see', 'meaning']",,,,,,,,,,,,,,,,,,,,,
114,262,Values,Family Diversity,114_beauty_pretty_love_rose,"['Beauty', 'Pretty', 'Love', 'Rose', 'Heart', 'Beautiful', 'Beautiful', 'Good-looking', 'Beauty', 'Sugarcoat', 'Koi']",,,,,,,,,,,,,,,,,,,,,
115,283,Childrearing Cost,Expense,115_House price_House_Can't afford_Mortgage,"['House price', 'House', 'Can't afford', 'Mortgage', 'One set', 'Buy a house', 'Dare to have children', 'Can't afford', 'Suite', 'Cheap']",,,,,,,,,,,,,,,,,,,,,
116,285,Values,Individualism,116_Sober_I'm_too_original_to_cry,"['awake', 'I'm too', 'it turns out', 'tears', 'bitter', 'human world', 'awakening', 'crying', 'brain', 'not very good']",,,,,,,,,,,,,,,,,,,,,
117,186,Values,Family Diversity,117_don't want_status_gathering_Xiaobai,"['Don't want', 'Status', 'Gather', 'Xiaobai', 'Now', 'Give birth', 'Don't', 'Fetus', 'Don't ask', 'Not sensible']",,,,,,,,,,,,,,,,,,,,,
118,260,Population Structure,Old Age Care Demand,118_retirement_45_serve_60,"['retire', '45', 'serve', '60', 'take care of', '40', 'born', '85', 'just right', 'time']",,,,,,,,,,,,,,,,,,,,,
119,560,Population Structure,State Intervention,"119_Don't give birth_If you give birth, you will love to give birth_Want to give birth","['Don't have children', 'If you have children', 'Love to have children', 'Want to have children', 'Should I have children', 'Determined', 'Won', 'Have more children', 'Willing', 'Don't want']",,,,,,,,,,,,,,,,,,,,,
120,198,Childrearing Cost,Economic Uncertainty,120_Cannot afford to support_Main_Cannot support_No money to support,"['can't afford to support', 'main', 'can't support', 'no money to support', 'key', 'how dare', 'worth it', 'raise', 'raise in vain', 'can't afford']",,,,,,,,,,,,,,,,,,,,,
121,246,,,121_laugh_real_silly smile_take the microphone,"['laugh', 'real', 'silly smile', 'take the microphone', 'smirk', 'funny', 'good looking', 'too right', 'service', 'finished']",,,,,,,,,,,,,,,,,,,,,
122,183,Childrearing Cost,Expense,122_TikTok_Browse TikTok_YinShang_Social,"['TikTok', 'Brush TikTok', 'On TikTok', 'Social', 'In TikTok', 'TikTok Club', 'Video TikTok', 'All', 'Video', 'News']",,,,,,,,,,,,,,,,,,,,,
123,276,Health,Assisted Reproduction,123_hospital_doctor_nurse_obstetrics and gynecology,"['hospital', 'doctor', 'nurse', 'obstetrics and gynecology', 'queue', 'bed', 'prenatal check-up', 'male nurse', 'medical', 'care worker']",,,,,,,,,,,,,,,,,,,,,
124,302,Values,Individualism,124_happy_joy_too much_so envious,"['happy', 'joy', 'too much', 'very envious', 'heart', 'happy', 'too high', 'smirk', 'very happy', 'rose']",,,,,,,,,,,,,,,,,,,,,
125,209,,,125_nice_whoops_无瓜_you,"['nice', 'whoops', 'no melon', 'you', 'North', 'simpson', 'cas', 'Wanwan', 'aug', 'ax']",,,,,,,,,,,,,,,,,,,,,
126,242,Health,Assisted Reproduction,126_Traditional Chinese Medicine_Chinese Medicine_Symptoms_Western Medicine,"['Traditional Chinese Medicine', 'Chinese Medicine', 'Symptomatic', 'Western Medicine', 'Effective', 'Very Quick', 'Effect', 'Cough', 'Doctor', 'Old Chinese Medicine Doctor']",,,,,,,,,,,,,,,,,,,,,
127,278,Values,Individualism,127_real_interview_energy_true or false,"['Real', 'Interview', 'Energy', 'Real or fake', 'Sincerity', 'Truth', 'Reporter', 'Transmission', 'Nirvana', '666']",,,,,,,,,,,,,,,,,,,,,
128,351,Population Structure,Old Age Care Demand,128_Retirement_Pension_Retirement,"['Retirement', 'Pension', 'Old-age', 'Retirement', 'Aging', 'Social Security', 'Old-age Insurance', 'Old People', 'Aging Population', 'Five Guarantees']",,,,,,,,,,,,,,,,,,,,,
129,266,Childrearing Cost,Domestic Labor,129_brainwashing_thanobs_no_possible,"['Brainwash', 'Thanos', 'No', 'Maybe', 'I will', 'Social', 'Make a splash', 'Everywhere', 'Meet the cloud', 'Snap fingers']",,,,,,,,,,,,,,,,,,,,,
130,266,Childrearing Cost,Domestic Labor,130_Regret_having_a_child_after_giving_birth,"['regret', 'giving birth', 'after giving birth', 'child', 'regret medicine', 'regret', 'I will give birth', 'not giving birth', 'get married', 'which one']",,,,,,,,,,,,,,,,,,,,,
131,227,Values,Individualism,131_heart_active_account_naughty,"['heart', 'active', 'account', 'naughty', 'bless', 'support', 'full text', 'mutual follow', 'top', 'recite']",,,,,,,,,,,,,,,,,,,,,
132,296,Values,Individualism,132_Too Right_Declaration_Just Enough_Mushroom,"['too right', 'declaration', 'just enough', 'mushroom', 'one', 'first', 'find', 'cannot reach', 'blank paper', 'where to find']",,,,,,,,,,,,,,,,,,,,,
133,225,,,133_netizen_cyberbully_troll_network,"['netizen', 'cyberbully', 'troll', 'network', 'internet', 'water army', 'mouth substitute', 'this session', 'cyberbully', 'online']",,,,,,,,,,,,,,,,,,,,,
134,353,Values,Family Diversity,134_Dating_Love_Marriage_Rose,"['Dating', 'Love', 'Marriage', 'Rose', 'Partner', 'Impulsive', 'Partner', 'Together', 'CP', 'Single']",,,,,,,,,,,,,,,,,,,,,
135,224,Population Structure,State Intervention,135_Video_Joke_Blackface_This,"['video', 'joke', 'black face', 'this kind', 'vcr', 'swiped to', 'seen', 'CCTV', 'Bili', 'comment']",,,,,,,,,,,,,,,,,,,,,
136,355,Values,Individualism,136_tears_tears_hot tears_eyes,"['tears', 'tears running', 'hot tears', 'eyes', 'crying', 'tears', 'really', 'manchi', 'real', 'heart']",,,,,,,,,,,,,,,,,,,,,
137,207,Values,Individualism,137_Well said_Look_Nonsense_Exception,"['well said', 'look', 'nonsense', 'special case', 'very', 'introduction', 'see', 'this is', 'reason', 'statement']",,,,,,,,,,,,,,,,,,,,,
138,254,Values,Family Diversity,138_Party_Girlfriend_Looking for a partner_Boyfriend,"['object', 'girlfriend', 'looking for object', 'boyfriend', 'find', 'can't find', 'find one', 'smoking', 'drinking', 'introduction']",,,,,,,,,,,,,,,,,,,,,
139,316,Values,Gender Equality,139_Man_Find_a_woman_to_earn_money,"['man', 'find', 'woman', 'earn money', 'boy', 'girl', 'earn money', 'have money', 'save money', 'girl']",,,,,,,,,,,,,,,,,,,,,
140,267,Utility,Reproduction,140_gene_inheritance_continuation of the family line_inheritance,"['gene', 'inheritance', 'carry on', 'inheritance', 'descendants', 'continuation', 'excellence', 'third generation', 'throne', 'Li Jian']",,,,,,,,,,,,,,,,,,,,,
141,456,Population Structure,State Intervention,141_feel_seem_feel_really,"['feel', 'seem', 'think', 'really', 'see', 'finally', 'wow', 'status', 'outrageous', 'is it']",,,,,,,,,,,,,,,,,,,,,
142,246,Utility,Emotional Support,142_wife_husband_daughter-in-law_paralysis,"['wife', 'husband', 'daughter-in-law', 'paralyzed', 'girlfriend', 'halfway', 'couple', 'routine', 'send first', 'wife']",,,,,,,,,,,,,,,,,,,,,
143,225,Childrearing Cost,Expense,143_rural_urban_Shanghai_big city,"['rural', 'city', 'Shanghai', 'big city', 'village', 'three', 'place', 'county town', 'look', 'third line']",,,,,,,,,,,,,,,,,,,,,
144,219,Childrearing Cost,Domestic Labor,144_Expert_This_is_worthy_of_the_only,"['expert', 'this is', 'worthy', 'only', 'this is', 'sensible', 'real', 'cloudy', 'expert', 'God']",,,,,,,,,,,,,,,,,,,,,
145,259,Values,Family Diversity,145_a pair_two_they_these two,"['a pair', 'two', 'they', 'these two', 'one', 'enough', 'better to have nothing than to have something less than perfect', 'well matched', 'sinister', 'together']",,,,,,,,,,,,,,,,,,,,,
146,178,Values,Family Diversity,146_online dating_rival_network_xinxinxin,"['online love', 'rival', 'network', 'trust', 'online', 'era', 'different place', 'age', 'age', 'open-minded']",,,,,,,,,,,,,,,,,,,,,
147,161,Population Structure,State Intervention,"147_Fewer births, better births_Life_Happiness_Fewer births","['Fewer births, better quality', 'Life', 'Happiness', 'Fewer births', 'Good quality', 'Late marriage and late childbearing', 'Slogan', 'Advocacy', 'From childhood', 'Say fewer births']",,,,,,,,,,,,,,,,,,,,,
148,212,Values,Family Diversity,148_Blind Date_94_90_95,"['Blind Date', '94', '90', '95', '92', '96', '97', '93', '98', '91']",,,,,,,,,,,,,,,,,,,,,
149,230,,,149_real_truth_tears_feel,"['real', 'truth', 'tears', 'feel', 'long', 'starry sky', 'wow', 'real', 'as', 'nimma']",,,,,,,,,,,,,,,,,,,,,
150,379,Childrearing Cost,Economic Uncertainty,150_Don't dare_want to have a baby_don't want to_can't afford to have a baby,"['Don't dare', 'Want to have a baby', 'Don't want to', 'Can't afford to have a baby', 'Give another baby', 'Don't have a baby', 'Can't have a baby', 'Have had a baby', 'Can have a baby', 'Didn't have a baby']",,,,,,,,,,,,,,,,,,,,,
151,323,Values,Family Diversity,151_Married_Marriage_Even worse_Marriage,"['got married', 'married', 'worse', 'marriage', 'pressure', 'pain', 'too tired', 'after marriage', 'too difficult', 'for a lifetime']",,,,,,,,,,,,,,,,,,,,,
152,279,Childrearing Cost,Economic Uncertainty,152_Too much pressure_in life_society,"['pressure', 'too much', 'life', 'society', '90', 'young people', 'too tired', 'post-80s', 'can't bear it', 'rest']",,,,,,,,,,,,,,,,,,,,,
153,149,Childrearing Cost,Expense,153_Thousands of lights_one_kitchen_electricity_fee,"['Thousands of lights', 'one lamp', 'kitchen', 'electricity bill', 'lights', 'washing dishes', 'cooking', 'turning on the lights', 'housework', 'no lights']",,,,,,,,,,,,,,,,,,,,,
154,180,Values,Individualism,154_confused_it's rare to be confused_playing dumb_playing confused,"['confused', 'it's rare to be confused', 'play dumb', 'play confused', 'understand', 'a little bit', 'confused', 'sometimes', 'holding', 'confused']",,,,,,,,,,,,,,,,,,,,,
155,365,Values,Individualism,155_cry_heart_speak_,"['cry', 'voice', 'heart', 'speak', 'great', 'zhi', 'look', 'cloudy', 'drive away', 'envy']",,,,,,,,,,,,,,,,,,,,,
156,288,Utility,Reproduction,156_can live_get married_old age_definitely,"['live', 'married', 'old age', 'definitely', 'less than', 'live to old age', 'married', 'age', '70', 'young']",,,,,,,,,,,,,,,,,,,,,
157,218,,,157_polite_no_lose_smile_left,"['polite', 'not lost', 'smile', 'left', 'right', 'Bian Baekhyun', 'cool', 'naked', 'explosion', 'picking']",,,,,,,,,,,,,,,,,,,,,
158,307,Utility,Reproduction,158_son_one son_one daughter_daughter,"['son', 'one son', 'one daughter', 'daughter', 'two', 'passing by', 'sons and daughters', 'grandchildren', 'daughter', 'children and grandchildren have their own']",,,,,,,,,,,,,,,,,,,,,
159,148,Population Structure,State Intervention,159_I believe_I am sure_I believe very much_I believe very much,"['I believe', 'I am sure', 'I believe very much', 'I believe very much', 'I will carry it through', 'I am willing to accept it', 'I have no doubt about it', 'I will die', 'More and more', 'I have eyes for it']",,,,,,,,,,,,,,,,,,,,,
160,222,Population Structure,State Intervention,160_angry_subsidy_reward_subsidy,"['angry', 'subsidy', 'reward', 'subsidy', 'one million', '100', '200', 'coffee', '1000', '500']",,,,,,,,,,,,,,,,,,,,,
161,264,Values,Family Diversity,161_Choose_Marry_Wrong_Marriage_Choose,"['Choice', 'Marry the Wrong Man', 'Marriage', 'Choose the City', 'Regret', 'Destination', 'Multiple Choice Question', 'This', 'Once', 'Wall']",,,,,,,,,,,,,,,,,,,,,
162,148,,,162_judge_host_anchor_program,"['judge', 'host', 'anchor', 'program', 'live broadcast', 'backache', 'host', 'anger', 'television', 'speaking']",,,,,,,,,,,,,,,,,,,,,
163,264,Values,Family Diversity,163_marriage_meaning_marry_anchor,"['marriage', 'meaning', 'marry', 'anchor', 'validity period', 'renewal', 'why', 'impulsive', 'marriage', 'become']",,,,,,,,,,,,,,,,,,,,,
164,270,Values,Individualism,164_Voice_Believe_Model_Real,"['Voice', 'Believe', 'Role model', 'Real', 'Our generation', 'Comment', 'Outrageous', 'Cool', 'Too cool', 'Awesome']",,,,,,,,,,,,,,,,,,,,,
165,222,Values,Individualism,165_Well said_True_Graduate_Right,"['well said', 'true', 'graduate student', 'yes', 'voice', 'once again', 'service', 'not', 'fear', 'entrapment']",,,,,,,,,,,,,,,,,,,,,
166,182,,,166_Fuyang_Xinjiang_Wuhu_Fuyang,"['Fuyang', 'Xinjiang', 'Wuhu', 'Fuyang City', 'Too difficult', 'Welcome', 'Do you have any', 'Accent', 'Anhui', 'Applause']",,,,,,,,,,,,,,,,,,,,,
167,241,Health,Fear of Childbirth,167_aging_after giving birth_immortality_acceleration,"['aging', 'after giving birth', 'immortality', 'acceleration', 'old age', 'youth', 'child', 'skin', 'aging', 'looking old']",,,,,,,,,,,,,,,,,,,,,
168,177,Values,Individualism,168_Three Views_The More Righteous the More Righteous the More Righteous the More Righteous,"['Three Views', 'The more positive the more', 'too positive', 'not positive', 'boring', 'see through', 'the more positive', 'too strong', 'very positive', 'lonely']",,,,,,,,,,,,,,,,,,,,,
169,211,Values,Individualism,169_Covering face_shy_black face_This palace,"['Cover face', 'shy', 'black face', 'My wife', 'Voice of the heart', 'Dear', 'Quick', 'Bring it', 'Hormone', 'Drink egg']",,,,,,,,,,,,,,,,,,,,,
170,162,Health,Fear of Childbirth,170_afraid_dare not_worry_terrified,"['afraid', 'dare not', 'worried', 'terrified', 'close call', 'woohoo', 'afraid of pain', 'terrified', 'really brave', 'are you afraid']",,,,,,,,,,,,,,,,,,,,,
171,154,Health,Fear of Childbirth,171_Old_Leftover_Leftover_Youth Forever,"['Old', 'Leftover women', 'Leftover men', 'Forever young', 'Athena', 'Even worse', 'Paralysis', 'Forever young', 'Secret', 'End']",,,,,,,,,,,,,,,,,,,,,
172,148,,,172_support_mouth_Internet_original,"['support', 'mouth replacement', 'Internet', 'originally', 'very difficult', 'so that's the case', 'reward', 'persistence', 'network', 'strong support']",,,,,,,,,,,,,,,,,,,,,
173,173,Values,Individualism,173_truth_so fake_sincere_sincere,"['truth', 'so fake', 'sincere', 'truth', 'too fake', 'really true', 'true', 'true and fake', 'really possible', 'true explanation', 'dei']",,,,,,,,,,,,,,,,,,,,,
174,192,,,174_teacher_thank_smart_wise,"['teacher', 'thank you', 'smart', 'wise', 'speak well', 'loving', 'grateful', 'professor', 'listening to the class', 'Teacher Chen']",,,,,,,,,,,,,,,,,,,,,
175,175,Health,Fear of Childbirth,175_terrible_horror_horror_first,"['terrible', 'horror', 'terrified', 'first', 'scary', 'scared to death', 'horror movie', 'careful thinking', 'fear', 'mental state']",,,,,,,,,,,,,,,,,,,,,
176,150,Values,Individualism,176_freedom_free and easy_romance_life or not,"['freedom', 'free and easy', 'romance', 'life or not', 'happiness', 'what', 'lose', 'forever', 'one', 'like']",,,,,,,,,,,,,,,,,,,,,
177,144,Childrearing Cost,Economic Uncertainty,177_tears_speak_in_heart_beans,"['tears', 'speak', 'voice of the heart', 'beans', 'cream', 'meet', 'ww', 'Xiaoman', 'heart', 'widowed']",,,,,,,,,,,,,,,,,,,,,
178,280,Values,Conflict,178_identify_agree_agree,"['identify', 'agree', 'sympathize', 'agree', 'viewpoint', 'strongly', 'completely agree', 'very difficult', 'refute', 'fair']",,,,,,,,,,,,,,,,,,,,,
179,188,Childrearing Cost,Economic Uncertainty,179_dare not_dare to give birth_regenerate_cannot afford to give birth,"['dare not', 'dare to give birth', 'give birth', 'can't afford to give birth', 'stand in line', 'take up birth', 'two children', 'check in', 'footsteps', 'mostly']",,,,,,,,,,,,,,,,,,,,,
180,162,Values,Gender Equality,180_problem_question_nothing_powerful,"['problem', 'question', 'nothing', 'great', 'nothing', 'no problem', 'relationship', 'a little bit', 'phenomenon']",,,,,,,,,,,,,,,,,,,,,
181,213,Population Structure,Low Ferility,181_extinction_human_dinosaur_Earth,"['extinction', 'human', 'dinosaur', 'earth', 'reproduction', 'no birth', 'many births', 'creator', 'descendants', 'born to']",,,,,,,,,,,,,,,,,,,,,
182,135,,,182_hahaha_ahaha_hahahaha_read,"['hahaha', 'aha', 'hahahaha', 'read', 'small hot pot', 'vape', 'North Pole', 'rotate', 'five minutes', 'go downstairs']",,,,,,,,,,,,,,,,,,,,,
183,162,,,183_Chat_WeChat_Talk,"['chat', 'WeChat', 'friend', 'talk', 'chat', 'a few words', 'continuous', 'after connecting', 'I'll connect', 'two sentences']",,,,,,,,,,,,,,,,,,,,,
184,180,Population Structure,Labor Surplus,184_pighead_reason_117_no,"['Pig head', 'reason', '117', 'no', 'feed', 'leek', 'graduate student', 'too right', 'shake head', 'pig raising']",,,,,,,,,,,,,,,,,,,,,
185,241,Population Structure,Labor Surplus,185_know_sensible_crying_really,"['know', 'sensible', 'cry', 'really', 'nun', 'tears', 'x000d', 'knower', 'ignorant', 'production team']",,,,,,,,,,,,,,,,,,,,,
186,167,Population Structure,State Intervention,186_era_open_mouth_us,"['era', 'time', 'open mouth', 'us', 'classic', 'hate', 'different', 'open mouth', 'close mouth', 'most annoying']",,,,,,,,,,,,,,,,,,,,,
187,187,Values,Individualism,187_Humanity_Sober_Humanity_It doesn't matter,"['Human world', 'Sober', 'Human nature', 'It doesn't matter', 'Lingling', 'Human management', 'Real', 'Wanling', 'Guo Tian', 'This child']",,,,,,,,,,,,,,,,,,,,,
188,130,,,188_Hahaha_Believe it or not_Lipstick_More than,"['Hahaha', 'Believe it or not', 'Lipstick', 'More than', 'Red', 'Love', 'Color number', 'No', 'Please give me a kiss', 'Sober']",,,,,,,,,,,,,,,,,,,,,
189,211,Values,Gender Equality,189_Serve_Find_a_man,"['serve', 'service', 'find', 'man', 'take care of', 'virtuous', 'gentle', 'housework', 'unreliable', 'unreliable']",,,,,,,,,,,,,,,,,,,,,
190,192,Values,Individualism,190_advantages_disadvantages_don't want to_can't say,"['advantages', 'disadvantages', 'don't want', 'can't say', 'reason', 'can't tell', 'it seems', 'can't say', 'don't want', 'this counts']",,,,,,,,,,,,,,,,,,,,,
191,182,,,191_mouth replacement_internet_accent_lip sync,"['lip replacement', 'internet', 'accent', 'lip sync', 'thank you', 'wisdom teeth', 'lip beads', 'will thank you', 'lip shape', 'lips']",,,,,,,,,,,,,,,,,,,,,
192,173,Values,Individualism,192_indeed_fact_really_it is true,"['indeed', 'fact', 'really', 'indeed', 'sincerely', 'as if', 'tears', 'well said', '666', 'the key']",,,,,,,,,,,,,,,,,,,,,
193,166,Values,Individualism,193_This is it_Expert_Crying_Yacai,"['this talent', 'expert', 'tears', 'talent', 'name', 'us', 'crying', 'able to deal with', 'listen', 'skill']",,,,,,,,,,,,,,,,,,,,,
194,190,Utility,Emotional Support,194_Like_Excessive_Destination_Poetry,"['like', 'excessive', 'home', 'in poetry', 'Wang Wei', 'sister', 'too much', 'sister', 'super', 'familiar']",,,,,,,,,,,,,,,,,,,,,
195,130,Childrearing Cost,Economic Uncertainty,195_Want to have a baby_Can't afford to support_Whether to have a baby_If you have a baby,"['Want to have a baby', 'Can't afford to support', 'Should I have a baby', 'If I have a baby', 'I'll have another baby', 'A few babies', 'I want to have babies', 'What kind of babies', 'Can't afford to have a baby', 'Time period']",,,,,,,,,,,,,,,,,,,,,
196,187,Values,Individualism,196_despair_stare_suffocate_sick,"['despair', 'stare', 'suffocate', 'sick', 'reject', 'absolutely', 'shake head', 'earthquake', 'sick', 'eyes']",,,,,,,,,,,,,,,,,,,,,
197,125,,,197_Girlfriend_Send_Chili_Girlfriends Meeting,"['Bestie', 'Send away', 'Chili', 'Bestie's meeting', 'Expect', 'Reliable', 'Half a year', 'Agree', 'Persuade', 'In front']",,,,,,,,,,,,,,,,,,,,,
198,255,Values,Individualism,198_Recite_Tears_Full text_Come come come,"['recite', 'tears', 'full text', 'come come come', 'come and see', 'sad', 'tears', 'heartbroken', 'come', 'read it carefully']",,,,,,,,,,,,,,,,,,,,,
199,209,Values,Individualism,199_Agree_Not bad_Come on_Good,"['Agree', 'Not bad', 'Keep it up', 'Good', 'Answer', 'Recommend', 'Great', 'Excellent', 'Style']",,,,,,,,,,,,,,,,,,,,,
200,282,Population Structure,Old Age Care Demand,200_suffering_suffering_suffering,"['suffering', 'suffering', 'the ups and downs of life', 'suffering', 'suffering', 'suffering', 'first bitter then sweet', 'all living beings', 'sadness', 'sweet first', 'life']",,,,,,,,,,,,,,,,,,,,,
201,216,Values,Family Diversity,201_lover_lover_hahahaha_hahaha,"['lover', 'lover', 'hahahaha', 'hahaha', 'uncle', 'marriage', 'maybe', 'tears', 'covering face', 'not lost']",,,,,,,,,,,,,,,,,,,,,
202,338,Values,Family Diversity,202_divorced_divorce_halfway_single parent,"['divorced', 'divorced', 'halfway', 'single parent', 'son', 'husband', 'couple', 'happiness', 'daughter', 'family']",,,,,,,,,,,,,,,,,,,,,
203,127,Values,Gender Equality,203_handsome_so handsome_handsome_so handsome,"['handsome guy', 'very handsome', 'handsome', 'too handsome', 'love', 'Xinjiang', 'applause', 'heart', 'taxi driver', 'speak well']",,,,,,,,,,,,,,,,,,,,,
204,227,Values,Individualism,204_Impulsive_Sober_Need_Marriage,"['impulsive', 'clear', 'need', 'marriage', 'can't', 'mind', 'human world', 'love', 'see through', 'precise']",,,,,,,,,,,,,,,,,,,,,
205,170,Utility,Intergenerational Support,205_lonely_alone_orphanage_around,"['lonely', 'alone', 'orphanage', 'around', 'children', 'old age', 'accompany', 'talk', 'orphan', 'old man']",,,,,,,,,,,,,,,,,,,,,
206,433,Values,Individualism,206_You give birth_I give birth_wool_birth point,"['You give birth', 'I give birth', 'wool', 'give birth', 'love giving birth', 'cover face', 'send heart', 'give birth', 'try hard', 'football team']",,,,,,,,,,,,,,,,,,,,,
207,182,Values,Individualism,207_Expert_Only_This_has_always,"['expert', 'only', 'only', 'always', 'nervous', 'master', 'register', 'civilian', 'my drop', 'in my heart']",,,,,,,,,,,,,,,,,,,,,
208,301,,,208_download_look_look_good,"['Download', 'Watch it', 'Take a look', 'Good looking', 'Every day', 'Can't', 'Watch it once', 'Daily', 'Once', 'Collect']",,,,,,,,,,,,,,,,,,,,,
209,143,Values,Gender Equality,209_fear of marriage_fear of having children_fear_terror,"['fear of marriage', 'fear of childbearing', 'fear', 'horror', 'younger generation', 'terrible', 'fear', 'fear of pregnancy', 'not afraid of marriage', 'marriage']",,,,,,,,,,,,,,,,,,,,,
210,165,Utility,Reproduction,210_blessings_congratulations_roses_heart,"['blessings', 'congratulations', 'roses', 'heart', 'scatter flowers', 'hug', 'have a baby soon', 'teacher', 'rise', 'safe']",,,,,,,,,,,,,,,,,,,,,
211,156,Values,Individualism,211_send heart_learn_learn_pure,"['send heart', 'learn', 'learn', 'pure', 'big enemy', 'learn', 'dedication', 'little art', 'learn', 'learn']",,,,,,,,,,,,,,,,,,,,,
212,116,Population Structure,State Intervention,212_fine_return_correct_third child,"['fine', 'return', 'correct', 'third child', 'child support', 'Henan', 'second child', 'fine', 'return', 'no fine']",,,,,,,,,,,,,,,,,,,,,
213,155,Values,Family Diversity,213_Partner_Find_an_old_man_to_live_with,"['partner', 'find one', 'old man', 'partner', 'live together', 'partner', '60', 'I want', 'wrestling', 'like-minded']",,,,,,,,,,,,,,,,,,,,,
214,267,Values,Individualism,214_responsibility_responsible_society_individual,"['responsibility', 'responsible', 'society', 'individual', 'collective', 'personal', 'fulfillment', 'selfless dedication', 'kindness', 'dedication']",,,,,,,,,,,,,,,,,,,,,
215,195,Childrearing Cost,Economic Uncertainty,215_Can't afford it_Don't dare_Give birth_What to give birth to,"['Can't afford to get married', 'Don't dare', 'Still have a baby', 'What to have', 'Have a baby', 'Get married', 'Can't afford to have a baby', 'Don't want to', 'How to have a baby', 'How dare I']",,,,,,,,,,,,,,,,,,,,,
216,137,Utility,Reproduction,216_193_too tall_height_190,"['193', 'Too high', 'Height', '190', 'Lowest', 'South Korea', '06', '175', 'How to give birth', 'Lower to']",,,,,,,,,,,,,,,,,,,,,
217,134,Values,Individualism,217_moral_kidnapping_quality_literacy,"['morality', 'kidnapping', 'quality', 'literacy', 'care', 'interest', 'bottom line', 'beneficial', 'collective interest', 'for']",,,,,,,,,,,,,,,,,,,,,
218,193,Values,Individualism,218_shit_relationship_what_is there,"['shit', 'relationship', 'what's the matter', 'is there', 'none of his business', 'nothing to do with him', 'it doesn't matter', 'thing', 'whether it happens or not', 'loud', 'that sentence']",,,,,,,,,,,,,,,,,,,,,
219,211,Utility,Intergenerational Support,219_Old age_Old age life_Having children_Getting married,"['late years', 'late life', 'having children', 'getting married', 'miserable', 'difficult', 'certain', 'old age', 'having children', 'getting married']",,,,,,,,,,,,,,,,,,,,,
220,143,,,220_heart_too_not popular_1227,"['heart', 'too', 'not popular', '1227', 'set up stall', 'ui', 'klliy', 'high', 'stick', 'at most']",,,,,,,,,,,,,,,,,,,,,
221,171,,,221_There is a ghost_Listen_Lychee_Xiaoguai,"['There is a ghost', 'Listen', 'Lychee', 'Little good', 'Is', 'Good boy', 'Disobedient', 'I believe', 'Wooden fish', 'Can']",,,,,,,,,,,,,,,,,,,,,
222,172,Values,Conflict,222_older_ideology_generation_era,"['older generation', 'thought', 'generation', 'era', 'acceptance', 'era', 'different', 'generation', 'lips', 'generation']",,,,,,,,,,,,,,,,,,,,,
223,162,,,223_Hug_Copy_Forward_Written,"['hug', 'copywriting', 'forward', 'well written', 'farewell', 'great', 'rely', 'lean on', 'listen to music', 'really good', 'thank you']",,,,,,,,,,,,,,,,,,,,,
224,118,Population Structure,Low Ferility,224_Nuclear weapons_Reincarnation_Experts_Human words,"['Nuclear weapons', 'Reincarnation', 'Experts', 'Human words', 'Mouth substitute', 'No need', 'Influence', 'Finally', 'Internet', 'Playing mahjong']",,,,,,,,,,,,,,,,,,,,,
225,121,Population Structure,Low Ferility,225_Very difficult_Difficult point_Very difficult_Not difficult,"['very difficult', 'difficult point', 'very difficult', 'not difficult', 'too difficult', 'difficult', 'very difficult', 'like a flower', 'it's too difficult for me', 'guanguan']",,,,,,,,,,,,,,,,,,,,,
226,264,,,226_That's right_Too right_That's right_Correct,"['That's right', 'Too right', 'You're right', 'Correct', 'Right', 'yes', 'Indeed', 'tm', 'That's right', 'play']",,,,,,,,,,,,,,,,,,,,,
227,274,Population Structure,State Intervention,227_country_no_birth_no_birth_contribution,"['country', 'no birth', 'birth or not', 'contribution', 'overseas', 'relationship', 'shit', 'China', 'manage well', 'benefit the country and the people']",,,,,,,,,,,,,,,,,,,,,
228,164,Childrearing Cost,Domestic labor,228_dare not_dare to give birth_cover face_raise hand,"['dare not', 'dare to give birth', 'cover face', 'raise hand', 'give birth', 'spit blood', 'give birth', 'shy', 'belong to', 'buy one']",,,,,,,,,,,,,,,,,,,,,
229,161,Values,Individualism,229_Great_Enlightenment_Truth_Sensible,"['Great', 'Enlightenment', 'Truth', 'Sensible', 'Expert', 'Why', 'Enjoyable', 'Awesome', 'Novel', 'Sunglasses']",,,,,,,,,,,,,,,,,,,,,
230,111,Values,Family Diversity,230_really_seems_this_woc,"['really', 'seems', 'this is', 'woc', 'baby', 'only now', 'smirk', 'very', 'this is', 'maybe']",,,,,,,,,,,,,,,,,,,,,
231,351,Values,Individualism,231_marriage_free_marriage_together,"['marriage', 'freedom', 'marry', 'together', 'encounter', 'free', 'life', 'don't', 'choose', 'can']",,,,,,,,,,,,,,,,,,,,,
232,170,Values,Conflict,232_Thought_Feudal Thought_Culture_Thinking,"['thought', 'feudal thought', 'culture', 'thinking', 'higher education', 'this', 'change', 'tradition', 'concept', 'education']",,,,,,,,,,,,,,,,,,,,,
233,152,Values,Individualism,233_90_00_50_80,"['90', '00', '50', '80', '97', '96', 'Main', '2030', '1990', 'Single']",,,,,,,,,,,,,,,,,,,,,
234,180,Utility,Intergenerational Support,234_fengshui_fortune-telling_doubt_fortune-teller,"['feng shui', 'fortune telling', 'doubt', 'fortune teller', 'calamity', 'problem', 'my mother', 'village', 'ancestors', 'my home']",,,,,,,,,,,,,,,,,,,,,
235,142,Values,Family Diversity,235_New Year_Going Home_Print_Go Back,"['New Year', 'Go home', 'Print', 'Go back', 'Send to one person', 'Afraid', 'One copy', 'Spring Festival', 'Each return', 'Each family']",,,,,,,,,,,,,,,,,,,,,
236,166,Values,Individualism,236_happiness_envy_index_happiness,"['happiness', 'envy', 'index', 'happiness', 'unhappiness', 'ism', 'ta', 'blogger', 'ist', 'hard work']",,,,,,,,,,,,,,,,,,,,,
237,251,Values,Individualism,237_hahahaha_hahaha_real_know,"['hahahaha', 'hahaha', 'real', 'know', 'lightyear', 'track', 'ok', 'right', 'help', 'last']",,,,,,,,,,,,,,,,,,,,,
238,168,Childrearing Cost,Public Support,238_Not allowed_before_want_to_have_children_now,"['not allowed', 'before', 'want to have a baby', 'now', 'not allowed', 'encourage', 'you have a baby', 'years ago', 'early birth', 'at the beginning']",,,,,,,,,,,,,,,,,,,,,
239,205,Population Structure,Old Age Care Demand,239_Save_Collect_Hairstyle_Follow,"['Save', 'Collect', 'Hairstyle', 'Follow', 'Come and see', 'Want to post', 'Link', 'Third block', 'Limit flow', 'Cart']",,,,,,,,,,,,,,,,,,,,,
240,209,Values,Individualism,240_Don't_Never_Never_Get_Married,"['Don't', 'Absolutely', 'Don't', 'Marriage', 'Advice', 'Experienced', 'Remarriage', 'Responsibility', 'Best', 'Really']",,,,,,,,,,,,,,,,,,,,,
241,166,Childrearing Cost,Domestic Labor,241_cooking_housework_washing clothes_cooking,"['cooking', 'housework', 'washing clothes', 'cooking', 'tidying up', 'housework', 'washing dishes', 'cleaning', 'at home', 'eating']",,,,,,,,,,,,,,,,,,,,,
242,151,Values,Individualism,242_Understanding_Habits_Mediator_Top,"['understanding', 'habit', 'mediator', 'top', 'this book', 'I understand', 'quietly', 'not easy', 'funny', 'need']",,,,,,,,,,,,,,,,,,,,,
243,128,Childrearing Cost,Expense,243_Reality_Understand_Current Situation_Rough Words,"['reality', 'understand', 'current situation', 'rough words', 'reasonable', 'cruel', 'sincere', 'real life', 'hypocrisy', 'fantasy']",,,,,,,,,,,,,,,,,,,,,
244,136,Population Structure,Labor Surplus,244_social_development_creates_elites,"['society', 'development', 'cause', 'elite', 'cattle and horses', 'relationship', 'inevitable trend', 'title', 'bread', 'no']",,,,,,,,,,,,,,,,,,,,,
,,,,,,,,,,,,,,,,,,,,,,,,,,
,,,,,,,,,,,,,,,,,,,,,,,,,,